{
  "乐昌市": {
    "latest": 29.4506300234,
    "lag_1": 40.3771890021,
    "lag_3": 125.413311819,
    "ma_3": 64.88175550383342
  },
  "乳源瑶族自治县": {
    "latest": 21.2354893282,
    "lag_1": 26.2329156593,
    "lag_3": 158.507450152,
    "ma_3": 63.63662940183351
  },
  "仁化县": {
    "latest": 23.7324867807,
    "lag_1": 34.7297354347,
    "lag_3": 135.517954121,
    "ma_3": 62.125479160466625
  },
  "南雄市": {
    "latest": 23.8570707122,
    "lag_1": 38.0178788015,
    "lag_3": 141.919292938,
    "ma_3": 60.97240179956672
  },
  "始兴县": {
    "latest": 17.39215615,
    "lag_1": 26.4967894869,
    "lag_3": 173.225246314,
    "ma_3": 60.98021403696659
  },
  "新丰县": {
    "latest": 7.57133759245,
    "lag_1": 11.0793391739,
    "lag_3": 265.718790066,
    "ma_3": 62.734341832783315
  },
  "曲江区": {
    "latest": 15.512121229,
    "lag_1": 20.7333333363,
    "lag_3": 176.189995285,
    "ma_3": 62.66126341509982
  },
  "武江区": {
    "latest": 17.4453287312,
    "lag_1": 22.4363321857,
    "lag_3": 157.595847476,
    "ma_3": 61.9442906443
  },
  "浈江区": {
    "latest": 19.566938761,
    "lag_1": 27.2394557849,
    "lag_3": 140.761224957,
    "ma_3": 60.65632658196672
  },
  "翁源县": {
    "latest": 11.0740115003,
    "lag_1": 16.162437103,
    "lag_3": 213.478684497,
    "ma_3": 60.80032352409996
  }
}